id;name;email;phone;address
1;Assistant;Lawson_Greenfelder@gmail.com;1-316-642-9112 x8337;mission-critical Music
2;Implementation Consultant Kong;Alphonso_Schneider@yahoo.com;612-324-7679 x191;Villages JBOD Gorgeous
3;extranet Lilangeni Steel;Madelynn81@hotmail.com;1-438-686-0772;Compatible Small
4;Chicken Account Dollar;Libby3@hotmail.com;917-568-6901;RSS COM
5;Court Loan Rustic;Mossie82@gmail.com;615.551.5182;ivory deposit Horizontal
6;Loan Handcrafted Architect;Will_Champlin@yahoo.com;214-593-0249;Shoes overriding Japan
7;invoice;Clair.Schultz@yahoo.com;(382) 963-1012 x710;virtual Account silver
8;Tala Kids Open-source;Verna_McClure@hotmail.com;(599) 866-1875 x4964;Chief system-worthy
9;Global scale Jewelery;Nicolas.Bins@yahoo.com;1-935-884-7778 x71599;full-range
10;SAS;Cathryn74@gmail.com;675.546.7128 x5036;generating didactic Beauty
